tour_date,tour_year,tour_month,num_guides,headcount
2018-01-01,2018,1,1,37.0
2018-01-02,2018,1,6,231.0
2018-01-03,2018,1,5,173.0
2018-01-04,2018,1,4,106.0
2018-01-05,2018,1,3,123.0
2018-01-06,2018,1,2,69.0
2018-01-07,2018,1,1,28.0
2018-01-08,2018,1,2,67.0
2018-01-09,2018,1,2,87.0
2018-01-10,2018,1,2,83.0
2018-01-11,2018,1,2,97.0
2018-01-12,2018,1,3,85.0
2018-01-13,2018,1,3,77.0
2018-01-14,2018,1,2,63.0
2018-01-15,2018,1,2,89.0
2018-01-16,2018,1,2,86.0
2018-01-17,2018,1,2,54.0
2018-01-18,2018,1,2,74.0
2018-01-19,2018,1,2,73.0
2018-01-20,2018,1,2,66.0
2018-01-21,2018,1,1,38.0
2018-01-22,2018,1,2,67.0
2018-01-23,2018,1,2,59.0
2018-01-24,2018,1,2,65.0
2018-01-25,2018,1,2,58.0
2018-01-26,2018,1,1,28.0
2018-01-27,2018,1,2,49.0
2018-01-28,2018,1,2,57.0
2018-01-29,2018,1,2,68.0
2018-01-30,2018,1,2,88.0
2018-01-31,2018,1,2,97.0
2018-02-01,2018,2,2,82.0
2018-02-02,2018,2,2,78.0
2018-02-03,2018,2,2,45.0
2018-02-04,2018,2,2,66.0
2018-02-05,2018,2,2,78.0
2018-02-06,2018,2,2,76.0
2018-02-07,2018,2,2,59.0
2018-02-08,2018,2,2,77.0
2018-02-09,2018,2,2,91.0
2018-02-10,2018,2,2,72.0
2018-02-11,2018,2,1,38.0
2018-02-12,2018,2,2,72.0
2018-02-13,2018,2,2,96.0
2018-02-14,2018,2,2,45.0
2018-02-15,2018,2,1,41.0
2018-02-16,2018,2,2,83.0
2018-02-17,2018,2,2,82.0
2018-02-18,2018,2,2,64.0
2018-02-19,2018,2,2,87.0
2018-02-20,2018,2,2,119.0
2018-02-21,2018,2,2,88.0
2018-02-22,2018,2,2,110.0
2018-02-23,2018,2,2,53.0
2018-02-24,2018,2,2,60.0
2018-02-25,2018,2,2,70.0
2018-02-26,2018,2,2,48.0
2018-02-27,2018,2,2,79.0
2018-02-28,2018,2,2,64.0
2018-03-01,2018,3,2,130.0
2018-03-02,2018,3,3,87.0
2018-03-03,2018,3,2,57.0
2018-03-04,2018,3,1,32.0
2018-03-05,2018,3,3,80.0
2018-03-06,2018,3,2,119.0
2018-03-07,2018,3,3,103.0
2018-03-08,2018,3,2,86.0
2018-03-09,2018,3,3,82.0
2018-03-10,2018,3,2,85.0
2018-03-11,2018,3,2,71.0
2018-03-12,2018,3,3,73.0
2018-03-13,2018,3,3,100.0
2018-03-14,2018,3,3,118.0
2018-03-15,2018,3,2,73.0
2018-03-16,2018,3,3,79.0
2018-03-17,2018,3,2,60.0
2018-03-18,2018,3,1,32.0
2018-03-19,2018,3,3,94.0
2018-03-20,2018,3,2,94.0
2018-03-21,2018,3,2,91.0
2018-03-22,2018,3,2,105.0
2018-03-23,2018,3,2,114.0
2018-03-24,2018,3,3,93.0
2018-03-25,2018,3,2,57.0
2018-03-26,2018,3,2,115.0
2018-03-27,2018,3,3,111.0
2018-03-28,2018,3,3,105.0
2018-03-29,2018,3,3,93.0
2018-03-30,2018,3,3,123.0
2018-03-31,2018,3,3,99.0
2018-04-01,2018,4,2,59.0
2018-04-02,2018,4,3,105.0
2018-04-03,2018,4,3,98.0
2018-04-04,2018,4,3,93.0
2018-04-05,2018,4,2,67.0
2018-04-06,2018,4,3,80.0
2018-04-07,2018,4,2,73.0
2018-04-08,2018,4,2,66.0
2018-04-09,2018,4,2,81.0
2018-04-10,2018,4,2,82.0
2018-04-11,2018,4,2,54.0
2018-04-12,2018,4,2,62.0
2018-04-13,2018,4,2,69.0
2018-04-14,2018,4,2,68.0
2018-04-15,2018,4,1,36.0
2018-04-16,2018,4,2,72.0
2018-04-17,2018,4,2,92.0
2018-04-18,2018,4,2,76.0
2018-04-19,2018,4,2,69.0
2018-04-20,2018,4,2,68.0
2018-04-21,2018,4,2,67.0
2018-04-22,2018,4,1,38.0
2018-04-23,2018,4,2,79.0
2018-04-24,2018,4,2,68.0
2018-04-25,2018,4,1,36.0
2018-04-26,2018,4,2,60.0
2018-04-27,2018,4,2,61.0
2018-04-28,2018,4,2,52.0
2018-04-29,2018,4,2,54.0
2018-04-30,2018,4,2,56.0
2018-05-01,2018,5,2,59.0
2018-05-02,2018,5,2,55.0
2018-05-03,2018,5,2,46.0
2018-05-04,2018,5,2,44.0
2018-05-05,2018,5,2,61.0
2018-05-06,2018,5,1,35.0
2018-05-07,2018,5,2,69.0
2018-05-08,2018,5,2,59.0
2018-05-09,2018,5,2,61.0
2018-05-10,2018,5,2,54.0
2018-05-11,2018,5,2,69.0
2018-05-12,2018,5,1,38.0
2018-05-13,2018,5,1,25.0
2018-05-14,2018,5,2,54.0
2018-05-15,2018,5,2,60.0
2018-05-16,2018,5,2,59.0
2018-05-17,2018,5,2,52.0
2018-05-18,2018,5,2,64.0
2018-05-19,2018,5,2,62.0
2018-05-20,2018,5,1,38.0
2018-05-21,2018,5,2,77.0
2018-05-22,2018,5,1,38.0
2018-05-23,2018,5,2,44.0
2018-05-24,2018,5,2,51.0
2018-05-25,2018,5,2,62.0
2018-05-26,2018,5,2,65.0
2018-05-27,2018,5,1,37.0
2018-05-28,2018,5,2,86.0
2018-05-29,2018,5,2,50.0
2018-05-30,2018,5,2,40.0
2018-05-31,2018,5,1,41.0
2018-06-01,2018,6,1,25.0
2018-06-02,2018,6,1,38.0
2018-06-03,2018,6,1,25.0
2018-06-04,2018,6,2,65.0
2018-06-05,2018,6,1,26.0
2018-06-06,2018,6,2,50.0
2018-06-07,2018,6,2,62.0
2018-06-08,2018,6,2,49.0
2018-06-09,2018,6,1,37.0
2018-06-10,2018,6,1,18.0
2018-06-11,2018,6,2,78.0
2018-06-12,2018,6,2,49.0
2018-06-13,2018,6,2,49.0
2018-06-14,2018,6,2,46.0
2018-06-15,2018,6,2,52.0
2018-06-16,2018,6,2,43.0
2018-06-17,2018,6,2,45.0
2018-06-18,2018,6,1,37.0
2018-06-19,2018,6,1,11.0
2018-06-20,2018,6,1,34.0
2018-06-21,2018,6,2,40.0
2018-06-22,2018,6,2,51.0
2018-06-23,2018,6,2,51.0
2018-06-24,2018,6,1,29.0
2018-06-25,2018,6,2,50.0
2018-06-26,2018,6,2,71.0
2018-06-27,2018,6,2,50.0
2018-06-28,2018,6,1,39.0
2018-06-29,2018,6,2,67.0
2018-06-30,2018,6,2,55.0
2018-07-01,2018,7,2,51.0
2018-07-02,2018,7,2,57.0
2018-07-03,2018,7,2,83.0
2018-07-04,2018,7,2,50.0
2018-07-05,2018,7,2,49.0
2018-07-06,2018,7,1,37.0
2018-07-07,2018,7,2,55.0
2018-07-08,2018,7,1,37.0
2018-07-09,2018,7,2,88.0
2018-07-10,2018,7,1,37.0
2018-07-11,2018,7,2,70.0
2018-07-12,2018,7,2,70.0
2018-07-13,2018,7,2,76.0
2018-07-14,2018,7,1,37.0
2018-07-15,2018,7,2,63.0
2018-07-16,2018,7,2,69.0
2018-07-17,2018,7,1,33.0
2018-07-18,2018,7,2,75.0
2018-07-19,2018,7,1,38.0
2018-07-20,2018,7,1,31.0
2018-07-21,2018,7,1,33.0
2018-07-22,2018,7,1,16.0
2018-07-23,2018,7,2,62.0
2018-07-24,2018,7,1,35.0
2018-07-25,2018,7,2,51.0
2018-07-26,2018,7,2,71.0
2018-07-27,2018,7,2,63.0
2018-07-28,2018,7,2,66.0
2018-07-29,2018,7,1,33.0
2018-07-30,2018,7,2,66.0
2018-07-31,2018,7,2,50.0
2018-08-01,2018,8,2,61.0
2018-08-02,2018,8,1,37.0
2018-08-03,2018,8,2,73.0
2018-08-04,2018,8,1,39.0
2018-08-05,2018,8,2,62.0
2018-08-06,2018,8,2,57.0
2018-08-07,2018,8,2,68.0
2018-08-08,2018,8,2,49.0
2018-08-09,2018,8,2,49.0
2018-08-10,2018,8,2,95.0
2018-08-11,2018,8,2,52.0
2018-08-12,2018,8,2,46.0
2018-08-13,2018,8,2,65.0
2018-08-14,2018,8,2,73.0
2018-08-15,2018,8,2,60.0
2018-08-16,2018,8,2,68.0
2018-08-17,2018,8,2,46.0
2018-08-18,2018,8,2,51.0
2018-08-19,2018,8,2,46.0
2018-08-20,2018,8,2,70.0
2018-08-21,2018,8,2,66.0
2018-08-22,2018,8,2,74.0
2018-08-23,2018,8,2,63.0
2018-08-24,2018,8,2,59.0
2018-08-25,2018,8,1,39.0
2018-08-26,2018,8,2,51.0
2018-08-27,2018,8,2,56.0
2018-08-28,2018,8,2,78.0
2018-08-29,2018,8,2,59.0
2018-08-30,2018,8,2,45.0
2018-08-31,2018,8,2,56.0
2018-09-01,2018,9,2,62.0
2018-09-02,2018,9,2,51.0
2018-09-03,2018,9,2,45.0
2018-09-04,2018,9,2,72.0
2018-09-05,2018,9,2,61.0
2018-09-06,2018,9,2,54.0
2018-09-07,2018,9,1,38.0
2018-09-08,2018,9,2,57.0
2018-09-09,2018,9,2,58.0
2018-09-10,2018,9,2,53.0
2018-09-11,2018,9,2,59.0
2018-09-12,2018,9,2,71.0
2018-09-13,2018,9,2,64.0
2018-09-14,2018,9,2,70.0
2018-09-15,2018,9,2,52.0
2018-09-16,2018,9,2,68.0
2018-09-17,2018,9,3,114.0
2018-09-18,2018,9,2,64.0
2018-09-19,2018,9,2,45.0
2018-09-20,2018,9,2,48.0
2018-09-21,2018,9,2,68.0
2018-09-22,2018,9,2,59.0
2018-09-23,2018,9,2,53.0
2018-09-24,2018,9,2,59.0
2018-09-25,2018,9,2,68.0
2018-09-26,2018,9,1,32.0
2018-09-27,2018,9,2,82.0
2018-09-28,2018,9,2,59.0
2018-09-29,2018,9,2,71.0
2018-09-30,2018,9,2,70.0
2018-10-01,2018,10,2,82.0
2018-10-02,2018,10,2,70.0
2018-10-03,2018,10,2,64.0
2018-10-04,2018,10,2,46.0
2018-10-05,2018,10,1,43.0
2018-10-06,2018,10,2,62.0
2018-10-07,2018,10,1,32.0
2018-10-08,2018,10,1,38.0
2018-10-09,2018,10,2,58.0
2018-10-10,2018,10,2,46.0
2018-10-11,2018,10,2,48.0
2018-10-12,2018,10,2,61.0
2018-10-13,2018,10,2,66.0
2018-10-14,2018,10,1,37.0
2018-10-15,2018,10,1,34.0
2018-10-16,2018,10,2,70.0
2018-10-17,2018,10,2,73.0
2018-10-18,2018,10,2,50.0
2018-10-19,2018,10,2,55.0
2018-10-20,2018,10,2,74.0
2018-10-21,2018,10,2,48.0
2018-10-22,2018,10,2,62.0
2018-10-23,2018,10,2,60.0
2018-10-24,2018,10,2,106.0
2018-10-25,2018,10,3,82.0
2018-10-26,2018,10,3,88.0
2018-10-27,2018,10,3,93.0
2018-10-28,2018,10,2,77.0
2018-10-29,2018,10,3,85.0
2018-10-30,2018,10,3,79.0
2018-10-31,2018,10,3,75.0
2018-11-01,2018,11,3,83.0
2018-11-02,2018,11,3,81.0
2018-11-03,2018,11,3,75.0
2018-11-04,2018,11,2,77.0
2018-11-05,2018,11,3,97.0
2018-11-06,2018,11,3,110.0
2018-11-07,2018,11,3,95.0
2018-11-08,2018,11,3,94.0
2018-11-09,2018,11,3,96.0
2018-11-10,2018,11,3,107.0
2018-11-11,2018,11,2,57.0
2018-11-12,2018,11,3,92.0
2018-11-13,2018,11,3,78.0
2018-11-14,2018,11,3,84.0
2018-11-15,2018,11,3,99.0
2018-11-16,2018,11,4,145.0
2018-11-17,2018,11,3,109.0
2018-11-18,2018,11,2,75.0
2018-11-19,2018,11,3,101.0
2018-11-20,2018,11,3,99.0
2018-11-21,2018,11,2,71.0
2018-11-22,2018,11,4,115.0
2018-11-23,2018,11,3,94.0
2018-11-24,2018,11,2,63.0
2018-11-25,2018,11,2,79.0
2018-11-26,2018,11,3,80.0
2018-11-27,2018,11,3,95.0
2018-11-28,2018,11,1,7.0
2018-11-29,2018,11,3,93.0
2018-11-30,2018,11,3,95.0
2018-12-01,2018,12,2,56.0
2018-12-02,2018,12,2,46.0
2018-12-03,2018,12,3,94.0
2018-12-04,2018,12,3,88.0
2018-12-05,2018,12,2,55.0
2018-12-06,2018,12,2,68.0
2018-12-07,2018,12,2,63.0
2018-12-08,2018,12,2,68.0
2018-12-09,2018,12,2,44.0
2018-12-10,2018,12,3,78.0
2018-12-11,2018,12,3,84.0
2018-12-12,2018,12,2,64.0
2018-12-13,2018,12,3,73.0
2018-12-14,2018,12,2,61.0
2018-12-15,2018,12,2,69.0
2018-12-16,2018,12,2,60.0
2018-12-17,2018,12,3,86.0
2018-12-18,2018,12,3,106.0
2018-12-19,2018,12,3,94.0
2018-12-20,2018,12,3,78.0
2018-12-21,2018,12,3,89.0
2018-12-22,2018,12,3,78.0
2018-12-23,2018,12,2,94.0
2018-12-24,2018,12,3,81.0
2018-12-26,2018,12,4,132.0
2018-12-27,2018,12,6,226.0
2018-12-28,2018,12,7,214.0
2018-12-29,2018,12,8,253.0
2018-12-30,2018,12,7,231.0
2018-12-31,2018,12,5,198.0
2019-01-01,2019,1,2,73.0
2019-01-02,2019,1,8,273.0
2019-01-03,2019,1,6,176.0
2019-01-04,2019,1,5,132.0
2019-01-05,2019,1,2,62.0
2019-01-06,2019,1,2,54.0
2019-01-07,2019,1,3,89.0
2019-01-08,2019,1,3,89.0
2019-01-09,2019,1,4,124.0
2019-01-10,2019,1,4,103.0
2019-01-11,2019,1,4,109.0
2019-01-12,2019,1,3,86.0
2019-01-13,2019,1,2,72.0
2019-01-14,2019,1,3,97.0
2019-01-15,2019,1,3,82.0
2019-01-16,2019,1,2,57.0
2019-01-17,2019,1,3,108.0
2019-01-18,2019,1,2,65.0
2019-01-19,2019,1,2,71.0
2019-01-20,2019,1,2,64.0
2019-01-21,2019,1,2,53.0
2019-01-22,2019,1,3,79.0
2019-01-23,2019,1,3,78.0
2019-01-24,2019,1,3,79.0
2019-01-25,2019,1,3,80.0
2019-01-26,2019,1,1,38.0
2019-01-27,2019,1,2,51.0
2019-01-28,2019,1,3,85.0
2019-01-29,2019,1,2,51.0
2019-01-30,2019,1,2,65.0
2019-01-31,2019,1,2,64.0
2019-02-01,2019,2,4,133.0
2019-02-02,2019,2,2,66.0
2019-02-03,2019,2,2,58.0
2019-02-04,2019,2,3,84.0
2019-02-05,2019,2,3,115.0
2019-02-06,2019,2,3,88.0
2019-02-07,2019,2,3,105.0
2019-02-08,2019,2,3,98.0
2019-02-09,2019,2,3,87.0
2019-02-10,2019,2,2,73.0
2019-02-11,2019,2,3,113.0
2019-02-12,2019,2,2,51.0
2019-02-13,2019,2,3,115.0
2019-02-14,2019,2,3,94.0
2019-02-15,2019,2,3,111.0
2019-02-16,2019,2,3,99.0
2019-02-17,2019,2,2,68.0
2019-02-18,2019,2,3,77.0
2019-02-19,2019,2,3,97.0
2019-02-20,2019,2,3,90.0
2019-02-21,2019,2,4,113.0
2019-02-22,2019,2,3,106.0
2019-02-23,2019,2,2,72.0
2019-02-24,2019,2,2,115.0
2019-02-25,2019,2,3,93.0
2019-02-26,2019,2,3,114.0
2019-02-27,2019,2,3,95.0
2019-02-28,2019,2,3,94.0
2019-03-01,2019,3,4,138.0
2019-03-02,2019,3,3,96.0
2019-03-03,2019,3,2,61.0
2019-03-04,2019,3,3,97.0
2019-03-05,2019,3,3,106.0
2019-03-06,2019,3,3,111.0
2019-03-07,2019,3,4,142.0
2019-03-08,2019,3,3,90.0
2019-03-09,2019,3,3,91.0
2019-03-10,2019,3,2,73.0
2019-03-11,2019,3,3,82.0
2019-03-12,2019,3,3,92.0
2019-03-13,2019,3,3,91.0
2019-03-14,2019,3,4,107.0
2019-03-15,2019,3,3,93.0
2019-03-16,2019,3,2,90.0
2019-03-17,2019,3,1,7.0
2019-03-18,2019,3,3,77.0
2019-03-19,2019,3,3,106.0
2019-03-20,2019,3,2,76.0
2019-03-21,2019,3,2,60.0
2019-03-22,2019,3,3,80.0
2019-03-23,2019,3,2,50.0
2019-03-24,2019,3,2,68.0
2019-03-25,2019,3,2,63.0
2019-03-26,2019,3,3,67.0
2019-03-27,2019,3,3,109.0
2019-03-28,2019,3,3,78.0
2019-03-29,2019,3,4,106.0
2019-03-30,2019,3,1,39.0
2019-03-31,2019,3,2,53.0
2019-04-01,2019,4,3,96.0
2019-04-02,2019,4,3,75.0
2019-04-03,2019,4,2,46.0
2019-04-04,2019,4,3,82.0
2019-04-05,2019,4,2,59.0
2019-04-06,2019,4,2,64.0
2019-04-07,2019,4,2,45.0
2019-04-08,2019,4,3,74.0
2019-04-09,2019,4,3,82.0
2019-04-10,2019,4,3,82.0
2019-04-11,2019,4,3,109.0
2019-04-12,2019,4,2,71.0
2019-04-13,2019,4,2,57.0
2019-04-14,2019,4,2,102.0
2019-04-15,2019,4,3,98.0
2019-04-16,2019,4,3,109.0
2019-04-17,2019,4,2,67.0
2019-04-18,2019,4,3,84.0
2019-04-19,2019,4,3,91.0
2019-04-20,2019,4,3,99.0
2019-04-21,2019,4,3,81.0
2019-04-22,2019,4,3,90.0
2019-04-23,2019,4,2,71.0
2019-04-24,2019,4,2,79.0
2019-04-25,2019,4,2,72.0
2019-04-26,2019,4,2,64.0
2019-04-27,2019,4,2,54.0
2019-04-28,2019,4,1,36.0
2019-04-29,2019,4,2,45.0
2019-04-30,2019,4,2,68.0
2019-05-01,2019,5,2,68.0
2019-05-02,2019,5,2,31.0
2019-05-03,2019,5,2,53.0
2019-05-04,2019,5,2,53.0
2019-05-05,2019,5,1,15.0
2019-05-06,2019,5,2,69.0
2019-05-07,2019,5,2,51.0
2019-05-08,2019,5,1,39.0
2019-05-09,2019,5,2,52.0
2019-05-10,2019,5,2,53.0
2019-05-11,2019,5,2,73.0
2019-05-12,2019,5,2,52.0
2019-05-13,2019,5,1,33.0
2019-05-14,2019,5,2,65.0
2019-05-15,2019,5,2,76.0
2019-05-16,2019,5,2,63.0
2019-05-17,2019,5,2,46.0
2019-05-18,2019,5,2,86.0
2019-05-19,2019,5,2,59.0
2019-05-20,2019,5,3,115.0
2019-05-21,2019,5,2,49.0
2019-05-22,2019,5,2,51.0
2019-05-23,2019,5,2,47.0
2019-05-24,2019,5,2,64.0
2019-05-25,2019,5,2,73.0
2019-05-26,2019,5,2,44.0
2019-05-27,2019,5,2,64.0
2019-05-28,2019,5,2,75.0
2019-05-29,2019,5,2,82.0
2019-05-30,2019,5,2,66.0
2019-05-31,2019,5,1,39.0
2019-06-01,2019,6,2,76.0
2019-06-02,2019,6,1,36.0
2019-06-03,2019,6,2,63.0
2019-06-04,2019,6,1,20.0
2019-06-05,2019,6,1,10.0
2019-06-06,2019,6,2,48.0
2019-06-07,2019,6,1,23.0
2019-06-08,2019,6,2,73.0
2019-06-09,2019,6,2,56.0
2019-06-10,2019,6,1,37.0
2019-06-11,2019,6,2,48.0
2019-06-12,2019,6,2,49.0
2019-06-13,2019,6,2,57.0
2019-06-14,2019,6,2,54.0
2019-06-15,2019,6,2,43.0
2019-06-16,2019,6,1,12.0
2019-06-17,2019,6,1,24.0
2019-06-18,2019,6,2,48.0
2019-06-19,2019,6,1,36.0
2019-06-20,2019,6,2,55.0
2019-06-21,2019,6,2,58.0
2019-06-22,2019,6,1,39.0
2019-06-23,2019,6,1,29.0
2019-06-24,2019,6,2,40.0
2019-06-25,2019,6,2,48.0
2019-06-26,2019,6,2,40.0
2019-06-27,2019,6,2,64.0
2019-06-28,2019,6,2,74.0
2019-06-29,2019,6,2,66.0
2019-06-30,2019,6,2,54.0
2019-07-01,2019,7,2,47.0
2019-07-02,2019,7,2,89.0
2019-07-03,2019,7,2,66.0
2019-07-04,2019,7,2,43.0
2019-07-05,2019,7,2,79.0
2019-07-06,2019,7,2,78.0
2019-07-07,2019,7,2,50.0
2019-07-08,2019,7,2,93.0
2019-07-09,2019,7,2,74.0
2019-07-10,2019,7,2,87.0
2019-07-11,2019,7,2,68.0
2019-07-12,2019,7,2,68.0
2019-07-13,2019,7,2,58.0
2019-07-14,2019,7,2,58.0
2019-07-15,2019,7,2,63.0
2019-07-16,2019,7,2,78.0
2019-07-17,2019,7,2,59.0
2019-07-18,2019,7,2,67.0
2019-07-19,2019,7,2,60.0
2019-07-20,2019,7,2,50.0
2019-07-21,2019,7,2,40.0
2019-07-22,2019,7,2,80.0
2019-07-23,2019,7,2,43.0
2019-07-24,2019,7,2,65.0
2019-07-25,2019,7,2,65.0
2019-07-26,2019,7,2,72.0
2019-07-27,2019,7,1,33.0
2019-07-28,2019,7,2,59.0
2019-07-29,2019,7,2,66.0
2019-07-30,2019,7,1,42.0
2019-07-31,2019,7,2,52.0
2019-08-01,2019,8,2,53.0
2019-08-02,2019,8,2,57.0
2019-08-03,2019,8,1,34.0
2019-08-04,2019,8,1,32.0
2019-08-05,2019,8,2,65.0
2019-08-06,2019,8,2,80.0
2019-08-07,2019,8,1,38.0
2019-08-08,2019,8,2,77.0
2019-08-09,2019,8,2,72.0
2019-08-10,2019,8,2,67.0
2019-08-11,2019,8,2,53.0
2019-08-12,2019,8,2,90.0
2019-08-13,2019,8,2,53.0
2019-08-14,2019,8,2,61.0
2019-08-15,2019,8,2,75.0
2019-08-16,2019,8,2,62.0
2019-08-17,2019,8,2,62.0
2019-08-18,2019,8,2,65.0
2019-08-19,2019,8,2,72.0
2019-08-20,2019,8,2,63.0
2019-08-21,2019,8,2,68.0
2019-08-22,2019,8,2,57.0
2019-08-23,2019,8,2,48.0
2019-08-24,2019,8,2,75.0
2019-08-25,2019,8,2,44.0
2019-08-26,2019,8,2,45.0
2019-08-27,2019,8,2,54.0
2019-08-28,2019,8,2,53.0
2019-08-29,2019,8,1,31.0
2019-08-30,2019,8,1,30.0
2019-08-31,2019,8,2,47.0
2019-09-01,2019,9,2,44.0
2019-09-02,2019,9,2,59.0
2019-09-03,2019,9,2,51.0
2019-09-04,2019,9,2,62.0
2019-09-05,2019,9,2,42.0
2019-09-06,2019,9,2,54.0
2019-09-07,2019,9,2,55.0
2019-09-08,2019,9,1,36.0
2019-09-09,2019,9,2,64.0
2019-09-10,2019,9,2,68.0
2019-09-11,2019,9,2,54.0
2019-09-12,2019,9,2,63.0
2019-09-13,2019,9,2,68.0
2019-09-14,2019,9,2,62.0
2019-09-15,2019,9,2,46.0
2019-09-16,2019,9,2,45.0
2019-09-17,2019,9,1,17.0
2019-09-18,2019,9,1,13.0
2019-09-19,2019,9,2,54.0
2019-09-20,2019,9,2,62.0
2019-09-21,2019,9,2,56.0
2019-09-22,2019,9,2,43.0
2019-09-23,2019,9,2,73.0
2019-09-24,2019,9,2,48.0
2019-09-25,2019,9,2,67.0
2019-09-26,2019,9,2,78.0
2019-09-27,2019,9,2,57.0
2019-09-28,2019,9,2,74.0
2019-09-29,2019,9,2,63.0
2019-09-30,2019,9,2,82.0
2019-10-01,2019,10,2,76.0
2019-10-02,2019,10,2,90.0
2019-10-03,2019,10,2,58.0
2019-10-04,2019,10,2,76.0
2019-10-05,2019,10,2,51.0
2019-10-06,2019,10,2,51.0
2019-10-07,2019,10,2,42.0
2019-10-08,2019,10,1,36.0
2019-10-09,2019,10,2,55.0
2019-10-10,2019,10,2,48.0
2019-10-11,2019,10,2,55.0
2019-10-12,2019,10,2,48.0
2019-10-13,2019,10,2,47.0
2019-10-14,2019,10,2,55.0
2019-10-15,2019,10,2,80.0
2019-10-16,2019,10,2,62.0
2019-10-17,2019,10,2,61.0
2019-10-18,2019,10,2,61.0
2019-10-19,2019,10,2,63.0
2019-10-20,2019,10,2,58.0
2019-10-21,2019,10,3,89.0
2019-10-22,2019,10,3,87.0
2019-10-23,2019,10,3,91.0
2019-10-24,2019,10,3,72.0
2019-10-25,2019,10,3,76.0
2019-10-26,2019,10,3,105.0
2019-10-27,2019,10,2,42.0
2019-10-28,2019,10,3,78.0
2019-10-29,2019,10,3,89.0
2019-10-30,2019,10,2,70.0
2019-10-31,2019,10,2,70.0
2019-11-01,2019,11,3,88.0
2019-11-02,2019,11,2,55.0
2019-11-03,2019,11,2,62.0
2019-11-04,2019,11,3,108.0
2019-11-05,2019,11,3,99.0
2019-11-06,2019,11,3,86.0
2019-11-07,2019,11,3,84.0
2019-11-08,2019,11,3,92.0
2019-11-09,2019,11,3,105.0
2019-11-10,2019,11,2,68.0
2019-11-11,2019,11,3,115.0
2019-11-12,2019,11,2,49.0
2019-11-13,2019,11,4,140.0
2019-11-14,2019,11,3,84.0
2019-11-15,2019,11,3,90.0
2019-11-16,2019,11,2,67.0
2019-11-17,2019,11,2,60.0
2019-11-18,2019,11,3,94.0
2019-11-19,2019,11,3,95.0
2019-11-20,2019,11,4,109.0
2019-11-21,2019,11,2,63.0
2019-11-22,2019,11,3,89.0
2019-11-23,2019,11,2,80.0
2019-11-24,2019,11,2,78.0
2019-11-25,2019,11,3,78.0
2019-11-26,2019,11,2,63.0
2019-11-27,2019,11,3,84.0
2019-11-28,2019,11,3,96.0
2019-11-29,2019,11,2,60.0
2019-11-30,2019,11,3,102.0
2019-12-01,2019,12,2,69.0
2019-12-02,2019,12,3,91.0
2019-12-03,2019,12,3,71.0
2019-12-04,2019,12,3,79.0
2019-12-05,2019,12,3,88.0
2019-12-06,2019,12,2,60.0
2019-12-07,2019,12,2,61.0
2019-12-08,2019,12,2,66.0
2019-12-09,2019,12,2,44.0
2019-12-10,2019,12,2,45.0
2019-12-11,2019,12,2,58.0
2019-12-12,2019,12,3,72.0
2019-12-13,2019,12,3,100.0
2019-12-14,2019,12,3,73.0
2019-12-15,2019,12,2,66.0
2019-12-16,2019,12,4,100.0
2019-12-17,2019,12,2,68.0
2019-12-18,2019,12,3,88.0
2019-12-19,2019,12,1,32.0
2019-12-20,2019,12,4,93.0
2019-12-21,2019,12,2,65.0
2019-12-22,2019,12,3,74.0
2019-12-23,2019,12,4,116.0
2019-12-24,2019,12,3,113.0
2019-12-26,2019,12,3,91.0
2019-12-27,2019,12,7,187.0
2019-12-28,2019,12,6,182.0
2019-12-29,2019,12,6,184.0
2019-12-30,2019,12,9,349.0
2019-12-31,2019,12,6,223.0
2020-01-01,2020,1,3,73.0
2020-01-02,2020,1,8,238.0
2020-01-03,2020,1,6,182.0
2020-01-04,2020,1,2,57.0
2020-01-05,2020,1,3,95.0
2020-01-06,2020,1,3,110.0
2020-01-07,2020,1,3,93.0
2020-01-08,2020,1,4,113.0
2020-01-09,2020,1,4,102.0
2020-01-10,2020,1,2,63.0
2020-01-11,2020,1,3,81.0
2020-01-12,2020,1,2,42.0
2020-01-13,2020,1,2,61.0
2020-01-14,2020,1,2,57.0
2020-01-15,2020,1,2,57.0
2020-01-16,2020,1,2,71.0
2020-01-17,2020,1,1,15.0
2020-01-18,2020,1,2,46.0
2020-01-19,2020,1,2,56.0
2020-01-20,2020,1,3,90.0
2020-01-21,2020,1,2,58.0
2020-01-22,2020,1,2,51.0
2020-01-23,2020,1,2,68.0
2020-01-24,2020,1,2,55.0
2020-01-25,2020,1,2,63.0
2020-01-26,2020,1,1,50.0
2020-01-27,2020,1,2,49.0
2020-01-28,2020,1,2,56.0
2020-01-29,2020,1,2,48.0
2020-01-30,2020,1,2,45.0
2020-01-31,2020,1,2,52.0
2020-02-01,2020,2,2,40.0
2020-02-02,2020,2,2,47.0
2020-02-03,2020,2,2,51.0
2020-02-04,2020,2,3,90.0
2020-02-05,2020,2,2,60.0
2020-02-06,2020,2,3,84.0
2020-02-07,2020,2,1,14.0
2020-02-08,2020,2,2,48.0
2020-02-09,2020,2,1,4.0
2020-02-10,2020,2,3,81.0
2020-02-11,2020,2,3,100.0
2020-02-12,2020,2,3,75.0
2020-02-13,2020,2,3,67.0
2020-02-14,2020,2,3,79.0
2020-02-15,2020,2,3,112.0
2020-02-16,2020,2,2,60.0
2020-02-17,2020,2,3,87.0
2020-02-18,2020,2,3,71.0
2020-02-19,2020,2,3,72.0
2020-02-20,2020,2,3,83.0
2020-02-21,2020,2,3,85.0
2020-02-22,2020,2,3,70.0
2020-02-23,2020,2,2,46.0
2020-02-24,2020,2,3,96.0
2020-02-25,2020,2,3,100.0
2020-02-26,2020,2,2,60.0
2020-02-27,2020,2,3,90.0
2020-02-28,2020,2,3,77.0
2020-02-29,2020,2,3,98.0
2020-03-01,2020,3,2,38.0
2020-03-02,2020,3,3,79.0
2020-03-03,2020,3,4,128.0
2020-03-04,2020,3,2,55.0
2020-03-05,2020,3,2,46.0
2020-03-06,2020,3,4,113.0
2020-03-07,2020,3,3,78.0
2020-03-08,2020,3,2,52.0
2020-03-09,2020,3,4,98.0
2020-03-10,2020,3,3,70.0
2020-03-11,2020,3,2,63.0
2020-03-12,2020,3,2,50.0
2020-03-13,2020,3,1,33.0
2020-03-14,2020,3,3,68.0
2020-03-15,2020,3,2,48.0
2020-03-16,2020,3,2,50.0
2020-03-17,2020,3,2,39.0
2020-03-18,2020,3,1,31.0
2020-03-19,2020,3,1,21.0
2020-03-20,2020,3,1,11.0
2020-03-21,2020,3,1,8.0
2020-03-22,2020,3,1,10.0
2022-01-05,2022,1,1,14.0
2022-01-07,2022,1,1,5.0
2022-01-12,2022,1,1,0.0
2022-01-14,2022,1,1,0.0
2022-01-15,2022,1,1,0.0
2022-01-19,2022,1,1,5.0
2022-01-21,2022,1,1,0.0
2022-01-22,2022,1,1,0.0
2022-01-29,2022,1,1,15.0
2022-02-02,2022,2,1,0.0
2022-02-04,2022,2,1,0.0
2022-02-05,2022,2,1,8.0
2022-02-09,2022,2,1,0.0
2022-02-11,2022,2,1,0.0
2022-02-12,2022,2,1,9.0
2022-02-16,2022,2,1,0.0
2022-02-18,2022,2,1,0.0
2022-02-19,2022,2,1,12.0
2022-02-23,2022,2,1,0.0
2022-02-25,2022,2,1,11.0
2022-02-26,2022,2,1,0.0
2022-03-02,2022,3,1,11.0
2022-03-04,2022,3,1,1.0
2022-03-05,2022,3,1,25.0
2022-03-09,2022,3,1,12.0
2022-03-11,2022,3,1,11.0
2022-03-12,2022,3,1,18.0
2022-03-16,2022,3,1,27.0
2022-03-18,2022,3,1,28.0
2022-03-19,2022,3,1,12.0
2022-03-23,2022,3,1,24.0
2022-03-25,2022,3,1,12.0
2022-03-26,2022,3,1,19.0
2022-03-30,2022,3,1,22.0
2022-04-01,2022,4,1,17.0
2022-04-02,2022,4,1,33.0
2022-04-06,2022,4,1,21.0
2022-04-08,2022,4,1,18.0
2022-04-09,2022,4,1,20.0
2022-04-13,2022,4,1,38.0
2022-04-15,2022,4,2,65.0
2022-04-16,2022,4,2,74.0
2022-04-20,2022,4,2,49.0
2022-04-22,2022,4,1,34.0
2022-04-23,2022,4,1,27.0
2022-04-27,2022,4,1,23.0
2022-04-29,2022,4,1,28.0
2022-04-30,2022,4,1,16.0
2022-05-01,2022,5,1,44.0
2022-05-04,2022,5,1,17.0
2022-05-06,2022,5,1,28.0
2022-05-07,2022,5,1,25.0
2022-05-08,2022,5,1,23.0
2022-05-11,2022,5,1,22.0
2022-05-13,2022,5,1,26.0
2022-05-14,2022,5,1,18.0
2022-05-15,2022,5,1,19.0
2022-05-18,2022,5,1,23.0
2022-05-20,2022,5,1,28.0
2022-05-21,2022,5,1,23.0
2022-05-22,2022,5,1,26.0
2022-05-25,2022,5,1,21.0
2022-05-27,2022,5,1,34.0
2022-05-28,2022,5,1,21.0
2022-05-29,2022,5,1,29.0
2022-06-01,2022,6,1,25.0
2022-06-03,2022,6,1,24.0
2022-06-04,2022,6,1,40.0
2022-06-05,2022,6,1,27.0
2022-06-08,2022,6,1,22.0
2022-06-10,2022,6,1,42.0
2022-06-11,2022,6,1,27.0
2022-06-12,2022,6,1,41.0
2022-06-15,2022,6,1,30.0
2022-06-17,2022,6,1,34.0
2022-06-18,2022,6,1,22.0
2022-06-19,2022,6,1,22.0
2022-06-22,2022,6,1,37.0
2022-06-24,2022,6,1,32.0
2022-06-25,2022,6,1,25.0
2022-06-26,2022,6,1,23.0
2022-06-29,2022,6,1,56.0
2022-06-30,2022,6,1,23.0
2022-07-01,2022,7,1,24.0
2022-07-02,2022,7,1,20.0
2022-07-03,2022,7,1,14.0
2022-07-04,2022,7,1,4.0
2022-07-06,2022,7,2,43.5
2022-07-08,2022,7,1,33.5
2022-07-09,2022,7,1,41.0
2022-07-10,2022,7,1,16.5
2022-07-11,2022,7,1,29.0
2022-07-13,2022,7,1,26.0
2022-07-15,2022,7,1,29.0
2022-07-16,2022,7,1,37.0
2022-07-17,2022,7,1,15.0
2022-07-18,2022,7,1,15.0
2022-07-20,2022,7,1,43.5
2022-07-22,2022,7,1,31.0
2022-07-23,2022,7,1,32.5
2022-07-24,2022,7,1,12.0
2022-07-25,2022,7,1,26.0
2022-07-28,2022,7,1,31.0
2022-07-29,2022,7,1,34.0
2022-07-30,2022,7,1,34.5
2022-07-31,2022,7,1,15.0
2022-08-01,2022,8,1,23.0
2022-08-03,2022,8,1,34.0
2022-08-05,2022,8,1,36.5
2022-08-06,2022,8,1,39.0
2022-08-07,2022,8,1,25.0
2022-08-08,2022,8,1,34.5
2022-08-10,2022,8,1,36.0
2022-08-12,2022,8,2,55.5
2022-08-13,2022,8,1,26.5
2022-08-14,2022,8,1,28.0
2022-08-15,2022,8,1,29.0
2022-08-17,2022,8,1,51.0
2022-08-19,2022,8,1,40.5
2022-08-20,2022,8,1,32.0
2022-08-21,2022,8,1,17.0
2022-08-22,2022,8,1,18.0
2022-08-24,2022,8,1,30.5
2022-08-26,2022,8,2,58.0
2022-08-27,2022,8,1,32.0
2022-08-28,2022,8,1,20.0
2022-08-29,2022,8,1,37.0
2022-08-31,2022,8,1,32.0
2022-09-02,2022,9,2,54.0
2022-09-03,2022,9,1,30.0
2022-09-04,2022,9,1,36.0
2022-09-06,2022,9,1,45.0
2022-09-07,2022,9,1,44.0
2022-09-09,2022,9,1,32.0
2022-09-10,2022,9,2,46.0
2022-09-11,2022,9,2,41.0
2022-09-12,2022,9,1,41.5
2022-09-14,2022,9,1,34.0
2022-09-15,2022,9,1,18.0
2022-09-16,2022,9,1,30.0
2022-09-17,2022,9,1,43.0
2022-09-18,2022,9,1,31.0
2022-09-19,2022,9,1,45.5
2022-09-20,2022,9,1,31.0
2022-09-21,2022,9,1,41.0
2022-09-23,2022,9,1,25.0
2022-09-24,2022,9,1,48.5
2022-09-25,2022,9,1,31.0
2022-09-26,2022,9,1,41.0
2022-09-28,2022,9,1,51.0
2022-09-29,2022,9,1,30.0
2022-09-30,2022,9,1,30.5
2022-10-01,2022,10,1,41.0
2022-10-02,2022,10,1,36.0
2022-10-03,2022,10,1,38.0
2022-10-04,2022,10,1,29.0
2022-10-05,2022,10,1,33.5
2022-10-06,2022,10,1,29.0
2022-10-07,2022,10,1,42.0
2022-10-08,2022,10,1,19.0
2022-10-09,2022,10,1,27.0
2022-10-10,2022,10,1,43.0
2022-10-11,2022,10,1,42.0
2022-10-12,2022,10,1,40.0
2022-10-13,2022,10,1,46.0
2022-10-14,2022,10,1,38.5
2022-10-15,2022,10,1,37.0
2022-10-16,2022,10,1,38.5
2022-10-18,2022,10,1,34.0
2022-10-19,2022,10,1,28.0
2022-10-20,2022,10,1,34.0
2022-10-21,2022,10,2,72.0
2022-10-22,2022,10,1,48.0
2022-10-23,2022,10,1,31.0
2022-10-24,2022,10,1,17.0
2022-10-25,2022,10,1,43.5
2022-10-26,2022,10,1,27.0
2022-10-27,2022,10,1,45.0
2022-10-28,2022,10,2,56.0
2022-10-29,2022,10,1,26.0
2022-10-30,2022,10,1,28.0
2022-10-31,2022,10,1,35.5
2022-11-01,2022,11,1,48.5
2022-11-02,2022,11,1,47.0
2022-11-03,2022,11,1,34.0
2022-11-04,2022,11,1,45.5
2022-11-05,2022,11,2,71.5
2022-11-06,2022,11,2,70.0
2022-11-07,2022,11,1,34.5
2022-11-08,2022,11,1,46.5
2022-11-09,2022,11,2,76.0
2022-11-10,2022,11,1,37.0
2022-11-11,2022,11,2,56.0
2022-11-12,2022,11,2,71.5
2022-11-13,2022,11,1,26.0
2022-11-14,2022,11,1,39.0
2022-11-15,2022,11,2,72.0
2022-11-16,2022,11,2,60.5
2022-11-17,2022,11,1,37.5
2022-11-18,2022,11,2,56.5
2022-11-19,2022,11,2,65.5
2022-11-20,2022,11,1,38.0
2022-11-21,2022,11,2,67.0
2022-11-22,2022,11,2,72.5
2022-11-23,2022,11,2,82.5
2022-11-24,2022,11,2,62.0
2022-11-25,2022,11,2,75.0
2022-11-26,2022,11,2,70.0
2022-11-27,2022,11,1,37.0
2022-11-28,2022,11,2,60.0
2022-11-29,2022,11,2,51.0
2022-11-30,2022,11,2,75.0
2022-12-01,2022,12,1,44.0
2022-12-02,2022,12,2,64.5
2022-12-03,2022,12,1,57.5
2022-12-04,2022,12,2,50.0
2022-12-05,2022,12,2,75.0
2022-12-06,2022,12,2,67.0
2022-12-07,2022,12,2,67.0
2022-12-08,2022,12,1,41.5
2022-12-09,2022,12,2,76.0
2022-12-10,2022,12,1,30.0
2022-12-11,2022,12,1,35.5
2022-12-12,2022,12,1,34.0
2022-12-13,2022,12,1,34.0
2022-12-14,2022,12,2,64.0
2022-12-15,2022,12,1,32.5
2022-12-16,2022,12,2,59.5
2022-12-17,2022,12,2,65.0
2022-12-18,2022,12,1,27.5
2022-12-19,2022,12,2,65.0
2022-12-20,2022,12,2,62.0
2022-12-21,2022,12,2,61.0
2022-12-22,2022,12,2,76.0
2022-12-23,2022,12,2,58.0
2022-12-24,2022,12,2,58.0
2022-12-26,2022,12,3,84.0
2022-12-27,2022,12,3,119.5
2022-12-28,2022,12,3,99.0
2022-12-29,2022,12,4,156.0
2022-12-30,2022,12,4,150.0
2022-12-31,2022,12,4,139.5
2023-01-01,2023,1,2,52.0
2023-01-02,2023,1,4,145.5
2023-01-03,2023,1,3,101.0
2023-01-04,2023,1,3,112.0
2023-01-05,2023,1,2,72.0
2023-01-06,2023,1,1,37.0
2023-01-07,2023,1,3,78.0
2023-01-08,2023,1,2,60.0
2023-01-09,2023,1,2,76.5
2023-01-10,2023,1,2,69.0
2023-01-11,2023,1,2,74.0
2023-01-12,2023,1,2,66.5
2023-01-13,2023,1,2,49.0
2023-01-14,2023,1,2,63.5
2023-01-15,2023,1,2,49.0
2023-01-16,2023,1,1,34.0
2023-01-17,2023,1,2,74.5
2023-01-18,2023,1,2,60.0
2023-01-19,2023,1,2,45.0
2023-01-20,2023,1,2,48.0
2023-01-21,2023,1,1,31.0
2023-01-22,2023,1,1,34.0
2023-01-23,2023,1,2,73.0
2023-01-24,2023,1,2,72.0
2023-01-25,2023,1,2,41.5
2023-01-26,2023,1,1,33.5
2023-01-27,2023,1,1,39.0
2023-01-28,2023,1,2,60.0
2023-01-29,2023,1,1,29.0
2023-01-30,2023,1,2,64.0
2023-01-31,2023,1,2,63.0
2023-02-01,2023,2,2,65.5
2023-02-02,2023,2,2,62.5
2023-02-03,2023,2,2,57.0
2023-02-04,2023,2,2,75.0
2023-02-05,2023,2,1,33.0
2023-02-06,2023,2,2,86.0
2023-02-07,2023,2,2,65.0
2023-02-08,2023,2,2,68.5
2023-02-09,2023,2,2,95.5
2023-02-10,2023,2,3,96.0
2023-02-11,2023,2,2,66.5
2023-02-12,2023,2,2,67.0
2023-02-13,2023,2,2,71.0
2023-02-14,2023,2,2,70.0
2023-02-15,2023,2,2,79.0
2023-02-16,2023,2,2,79.5
2023-02-17,2023,2,2,68.0
2023-02-18,2023,2,2,63.0
2023-02-19,2023,2,2,76.0
2023-02-20,2023,2,2,58.0
2023-02-21,2023,2,2,85.5
2023-02-22,2023,2,2,73.5
2023-02-23,2023,2,2,65.0
2023-02-24,2023,2,2,70.0
2023-02-25,2023,2,2,66.0
2023-02-26,2023,2,2,61.0
2023-02-27,2023,2,2,83.5
2023-02-28,2023,2,2,75.0
2023-03-01,2023,3,2,83.0
2023-03-02,2023,3,2,70.0
2023-03-03,2023,3,2,82.0
2023-03-04,2023,3,2,69.0
2023-03-05,2023,3,2,63.0
2023-03-06,2023,3,2,69.5
2023-03-07,2023,3,2,46.0
2023-03-08,2023,3,2,84.0
2023-03-09,2023,3,2,80.0
2023-03-10,2023,3,2,66.5
2023-03-11,2023,3,2,64.0
2023-03-12,2023,3,2,79.5
2023-03-13,2023,3,2,72.5
2023-03-14,2023,3,2,79.5
2023-03-15,2023,3,2,75.5
2023-03-16,2023,3,2,90.0
2023-03-17,2023,3,2,70.0
2023-03-18,2023,3,2,62.5
2023-03-19,2023,3,2,69.5
2023-03-20,2023,3,2,62.0
2023-03-21,2023,3,2,71.0
2023-03-22,2023,3,2,71.0
2023-03-23,2023,3,2,68.5
2023-03-24,2023,3,2,68.0
2023-03-25,2023,3,2,59.0
2023-03-26,2023,3,2,64.0
2023-03-27,2023,3,1,47.5
2023-03-28,2023,3,2,73.0
2023-03-29,2023,3,2,71.5
2023-03-30,2023,3,2,64.0
2023-03-31,2023,3,1,31.0
2023-04-01,2023,4,1,37.0
2023-04-02,2023,4,2,68.5
2023-04-03,2023,4,1,40.0
2023-04-04,2023,4,1,31.0
2023-04-05,2023,4,2,72.0
2023-04-06,2023,4,2,78.0
2023-04-07,2023,4,3,91.5
2023-04-08,2023,4,3,95.0
2023-04-09,2023,4,3,86.0
2023-04-10,2023,4,2,63.0
2023-04-11,2023,4,2,73.5
2023-04-12,2023,4,2,66.5
2023-04-13,2023,4,2,70.5
2023-04-14,2023,4,2,74.5
2023-04-15,2023,4,2,62.0
2023-04-16,2023,4,2,60.0
2023-04-17,2023,4,2,62.5
2023-04-18,2023,4,2,45.0
2023-04-19,2023,4,1,39.0
2023-04-20,2023,4,1,28.0
2023-04-21,2023,4,2,61.5
2023-04-22,2023,4,2,74.0
2023-04-23,2023,4,2,61.5
2023-04-24,2023,4,2,75.5
2023-04-25,2023,4,2,56.5
2023-04-26,2023,4,2,47.0
2023-04-27,2023,4,2,44.5
2023-04-28,2023,4,1,36.0
2023-04-29,2023,4,2,39.0
2023-04-30,2023,4,2,61.0
2023-05-01,2023,5,2,58.5
2023-05-02,2023,5,2,43.0
2023-05-03,2023,5,1,35.5
2023-05-04,2023,5,2,54.5
2023-05-05,2023,5,2,61.0
2023-05-06,2023,5,1,26.0
2023-05-07,2023,5,1,30.5
2023-05-08,2023,5,2,52.0
2023-05-09,2023,5,2,55.0
2023-05-10,2023,5,1,33.0
2023-05-11,2023,5,1,34.0
2023-05-12,2023,5,2,55.0
2023-05-13,2023,5,2,41.0
2023-05-14,2023,5,1,29.0
2023-05-15,2023,5,2,55.0
2023-05-16,2023,5,2,47.0
2023-05-17,2023,5,1,38.5
2023-05-18,2023,5,2,48.5
2023-05-19,2023,5,2,60.0
2023-05-20,2023,5,2,55.0
2023-05-21,2023,5,2,57.0
2023-05-22,2023,5,1,39.0
2023-05-23,2023,5,1,33.0
2023-05-24,2023,5,1,35.0
2023-05-25,2023,5,2,65.0
2023-05-26,2023,5,2,65.0
2023-05-27,2023,5,1,31.5
2023-05-28,2023,5,1,25.0
2023-05-29,2023,5,1,38.0
2023-05-30,2023,5,1,34.5
2023-05-31,2023,5,2,65.0
2023-06-01,2023,6,1,37.0
2023-06-02,2023,6,2,64.0
2023-06-03,2023,6,1,38.0
2023-06-04,2023,6,1,32.5
2023-06-05,2023,6,1,33.5
2023-06-06,2023,6,1,33.5
2023-06-07,2023,6,1,35.5
2023-06-08,2023,6,1,15.0
2023-06-09,2023,6,2,66.0
2023-06-10,2023,6,2,60.0
2023-06-11,2023,6,1,29.0
2023-06-12,2023,6,1,27.0
2023-06-13,2023,6,1,28.0
2023-06-14,2023,6,1,35.0
2023-06-15,2023,6,1,34.5
2023-06-16,2023,6,2,47.5
2023-06-17,2023,6,1,36.0
2023-06-18,2023,6,1,31.0
2023-06-19,2023,6,1,43.5
2023-06-20,2023,6,1,37.0
2023-06-21,2023,6,2,50.0
2023-06-22,2023,6,1,27.0
2023-06-23,2023,6,2,59.0
2023-06-24,2023,6,2,64.0
2023-06-25,2023,6,1,32.0
2023-06-26,2023,6,2,48.5
2023-06-27,2023,6,1,35.5
2023-06-28,2023,6,2,44.5
2023-06-29,2023,6,1,30.0
2023-06-30,2023,6,2,56.5
2023-07-01,2023,7,2,46.0
2023-07-02,2023,7,1,42.0
2023-07-03,2023,7,2,65.0
2023-07-04,2023,7,1,35.0
2023-07-05,2023,7,2,63.5
2023-07-06,2023,7,1,33.0
2023-07-07,2023,7,2,71.0
2023-07-08,2023,7,2,56.5
2023-07-09,2023,7,1,35.0
2023-07-10,2023,7,2,38.0
2023-07-11,2023,7,1,24.0
2023-07-12,2023,7,1,41.0
2023-07-13,2023,7,1,31.0
2023-07-14,2023,7,2,55.5
2023-07-15,2023,7,2,51.0
2023-07-16,2023,7,1,29.0
2023-07-17,2023,7,1,36.0
2023-07-18,2023,7,1,35.0
2023-07-19,2023,7,2,46.0
2023-07-20,2023,7,1,39.0
2023-07-21,2023,7,1,39.0
2023-07-22,2023,7,2,56.0
2023-07-23,2023,7,1,33.0
2023-07-24,2023,7,1,27.0
2023-07-25,2023,7,2,37.0
2023-07-26,2023,7,1,30.0
2023-07-27,2023,7,1,28.5
2023-07-28,2023,7,2,54.5
2023-07-29,2023,7,2,65.0
2023-07-30,2023,7,1,32.0
2023-07-31,2023,7,1,29.5
2023-08-01,2023,8,1,35.0
2023-08-02,2023,8,2,60.5
2023-08-03,2023,8,1,41.0
2023-08-04,2023,8,3,68.0
2023-08-05,2023,8,2,65.5
2023-08-06,2023,8,1,32.0
2023-08-07,2023,8,2,80.5
2023-08-08,2023,8,1,33.0
2023-08-09,2023,8,1,32.0
2023-08-10,2023,8,1,30.5
2023-08-11,2023,8,1,41.0
2023-08-12,2023,8,2,59.5
2023-08-13,2023,8,1,26.0
2023-08-14,2023,8,2,86.5
2023-08-15,2023,8,2,37.0
2023-08-16,2023,8,2,76.0
2023-08-17,2023,8,1,34.0
2023-08-18,2023,8,2,73.0
2023-08-19,2023,8,2,66.0
2023-08-20,2023,8,1,30.5
2023-08-21,2023,8,2,67.0
2023-08-22,2023,8,1,39.0
2023-08-23,2023,8,1,34.0
2023-08-24,2023,8,2,66.0
2023-08-25,2023,8,2,45.0
2023-08-26,2023,8,1,33.5
2023-08-27,2023,8,2,57.0
2023-08-28,2023,8,2,48.0
2023-08-29,2023,8,1,35.5
2023-08-30,2023,8,2,67.0
2023-08-31,2023,8,1,29.0
2023-09-01,2023,9,2,47.5
2023-09-02,2023,9,2,53.0
2023-09-03,2023,9,1,39.0
2023-09-04,2023,9,2,60.5
2023-09-05,2023,9,2,38.0
2023-09-06,2023,9,2,52.0
2023-09-07,2023,9,1,29.0
2023-09-08,2023,9,1,30.0
2023-09-09,2023,9,2,50.0
2023-09-10,2023,9,2,45.0
2023-09-11,2023,9,2,60.5
2023-09-12,2023,9,1,32.0
2023-09-13,2023,9,2,51.0
2023-09-14,2023,9,2,49.0
2023-09-15,2023,9,2,40.5
2023-09-16,2023,9,2,40.5
2023-09-17,2023,9,2,36.0
2023-09-18,2023,9,2,61.5
2023-09-19,2023,9,2,49.0
2023-09-20,2023,9,1,36.5
2023-09-21,2023,9,2,48.5
2023-09-22,2023,9,2,54.0
2023-09-23,2023,9,2,66.5
2023-09-24,2023,9,1,34.5
2023-09-25,2023,9,2,59.0
2023-09-26,2023,9,2,58.5
2023-09-27,2023,9,2,71.0
2023-09-28,2023,9,2,56.0
2023-09-29,2023,9,2,65.5
2023-09-30,2023,9,2,54.0
2023-10-01,2023,10,1,27.0
2023-10-02,2023,10,2,45.0
2023-10-03,2023,10,1,17.0
2023-10-04,2023,10,2,47.5
2023-10-05,2023,10,2,55.5
2023-10-06,2023,10,2,54.5
2023-10-07,2023,10,2,62.5
2023-10-08,2023,10,2,48.0
2023-10-09,2023,10,1,35.0
2023-10-10,2023,10,2,54.0
2023-10-11,2023,10,1,29.5
2023-10-12,2023,10,1,43.0
2023-10-13,2023,10,2,49.5
2023-10-14,2023,10,2,56.0
2023-10-15,2023,10,2,50.5
2023-10-16,2023,10,2,76.0
2023-10-17,2023,10,2,68.5
2023-10-18,2023,10,2,45.5
2023-10-19,2023,10,2,51.0
2023-10-20,2023,10,2,49.0
2023-10-21,2023,10,2,70.5
2023-10-22,2023,10,2,48.5
2023-10-23,2023,10,2,73.0
2023-10-24,2023,10,2,60.5
2023-10-25,2023,10,2,57.0
2023-10-26,2023,10,2,44.5
2023-10-27,2023,10,2,46.0
2023-10-28,2023,10,2,73.0
2023-10-29,2023,10,2,61.5
2023-10-30,2023,10,2,55.0
2023-10-31,2023,10,2,57.0
