period,start,end,note
summer_2017,2017-12-16,2018-01-29,
autumn_2018,2018-04-14,2018-04-29,
winter_2018,2018-07-07,2018-07-22,
spring_2018,2018-09-29,2018-10-14,
summer_2018,2018-12-24,2019-01-28,
autumn_2019,2019-04-15,2019-04-26,
winter_2019,2019-07-08,2019-07-19,
spring_2019,2019-09-30,2019-10-11,
summer_2019,2019-12-23,2020-01-27,
autumn_2020,2020-04-13,2020-04-24,
winter_2020,2020-07-06,2020-07-17,
spring_2020,2020-09-28,2020-10-09,
summer_2020,2020-12-21,2021-01-26,
autumn_2021,2021-04-05,2021-04-16,
winter_2021,2021-06-28,2021-07-09,
spring_2021,2021-09-20,2021-10-01,
summer_2021,2021-12-20,2022-01-27,
autumn_2022,2022-04-11,2022-04-22,
winter_2022,2022-07-04,2022-07-15,
spring_2022,2022-09-26,2022-10-07,
summer_2022,2022-12-21,2023-01-26,
autumn_2023,2023-04-10,2023-04-21,
winter_2023,2023-07-03,2023-07-14,
spring_2023,2023-09-25,2023-10-06,
summer_2023,2023-12-20,2024-01-31,derived from term dates (sources conflicted)
autumn_2024,2024-04-15,2024-04-26,
winter_2024,2024-07-08,2024-07-19,
spring_2024,2024-09-30,2024-10-11,
summer_2024,2024-12-23,2025-01-30,
autumn_2025,2025-04-14,2025-04-24,
winter_2025,2025-07-07,2025-07-18,
spring_2025,2025-09-29,2025-10-10,
summer_2025,2025-12-22,2026-01-26,
autumn_2026,2026-04-07,2026-04-17,
winter_2026,2026-07-06,2026-07-17,
spring_2026,2026-09-28,2026-10-09,
summer_2026,2026-12-18,2027-01-27,
autumn_2027,2027-04-12,2027-04-23,
winter_2027,2027-07-05,2027-07-16,
spring_2027,2027-09-27,2027-10-08,
summer_2027,2027-12-21,2028-01-28,
